Question,Bot
"Consignes d’isolement, symptômes et traitements",Où peut-on se faire tester?,N/A
"Consignes d’isolement, symptômes et traitements",Une personne qui habite dans la même résidence qu'une personne testée positive doit-elle se placer en quarantaine?,N/A
"Consignes d’isolement, symptômes et traitements",Est-ce que l'ashtme fait de moi une personne risuant des complicatiosn graves,N/A
À propos de la COVID-19,Quels médicaments prendre contre la fièvre?,N/A
"Consignes d’isolement, symptômes et traitements",Est-ce correct de porter un masque plusieurs jours de suite?,N/A
Entreprises et main d'oeuvre,J'ai le droit à combien de jours de congé ?,N/A
Services de santé,Ma soeur vient d'accoucher je peux tu aller lui porter quelque chose à manger à l'hopital?,N/A
"Consignes d’isolement, symptômes et traitements",Est-ce que je devrais contracter la COVID-19 pour en être ensuite protégé?,N/A
Famille et habitation,Quand les b&b pourront ouvrir à Montréal?,N/A
Services de santé,"Je veux aller voir un parent en fin de vie mais il habite dans une région fermée, est-ce possible ?",N/A
"Sports, loisirs et culture",J'ai effectuer une location de chalet cet été en juillet je vais tu être pogné pour annuler ?,N/A
Transports et déplacements,Est-il permis de faire de la moto?,N/A
"Consignes d’isolement, symptômes et traitements",Est-il conseillé de laver les articles achetés à l’épicerie pour se débarrasser du coronavirus?,N/A
Services de garde,Comment peut-on inscrire nos enfants dans les services de garde d'urgence ?,N/A
À propos de la COVID-19,Règle du gouvernement à suivre,N/A
Transports et déplacements,Quelle est la procédure si je dois me rendre aux Iles-de-la-Madelaine?,N/A
"Consignes d’isolement, symptômes et traitements","J'ai plus de 70 ans, est-ce que je suis à risque d'être hospitalisé à cause du virus?",N/A
"Sports, loisirs et culture",télévisuel,N/A
"Commerces, lieux publics et services prioritaires",Qu’en est-il des travailleurs qui peuvent faire du télétravail?,N/A
"Sports, loisirs et culture",pourvoiries,N/A
"Sports, loisirs et culture",Règlements pourvoirie,N/A
À propos de la COVID-19,Quel âge ont les gens qui décèdent de la covid?,N/A
"Consignes d’isolement, symptômes et traitements",Je fais quoi pour me mettre en isolement,N/A
"Commerces, lieux publics et services prioritaires",Je peux tu goûter les aliments au marché public?,N/A
Transports et déplacements,Est-ce que les haltes routières sont ouvertes?,N/A
"Consignes d’isolement, symptômes et traitements",est-ce que je peux voir ma blonde,N/A
Transports et déplacements,Est-ce que je vais me faire rembourser mon voyage en cas d'annulation ?,N/A
À propos de la COVID-19,Est-ce que la covid est reliée au 5G?,N/A
"Consignes d’isolement, symptômes et traitements",Où dois-je appeler pour dénoncer un rassemblement ?,N/A
Services de santé,Cours préposé,N/A
"Commerces, lieux publics et services prioritaires",Est-ce que je peux aller voir mon massothérapeute?,N/A
Services de santé,C'est tu correct d'apporter de la nourriture pour quelqu'un à l'hôpital?,N/A
"Sports, loisirs et culture",Quand les terrains de camping pourront-ils rouvrir?,N/A
Services de santé,Ma grand-mère va mourrir seule si je ne peux pas aller la voir,N/A
"Consignes d’isolement, symptômes et traitements",Est-ce que je dois laver les colis que je reçois par la poste?,N/A
Municipalités,Quelle option ont les municipalités ayant adopté une politique de participation publique pour consulter leur monde?,N/A
Famille et habitation,est-ce que mes enfants peuvent aller voir leur père?,N/A
À propos de la COVID-19,Pourcentage de cas confirmés par groupe d’âge,N/A
Transports et déplacements,Quand ouvrira la saaq?,N/A
"Sports, loisirs et culture",Est-ce que je peux aller courir dans un parc de la sépaq?,N/A
Transports et déplacements,Puis-je aller en Ontario au mois d'Août?,N/A
Famille et habitation,est-ce qu'un chat qui est infecté par la covid-19 peut infecter son maître qui le flatte?,N/A
À propos de la COVID-19,Je cherche une liste des mesures prises par le gouvernement,N/A
"Consignes d’isolement, symptômes et traitements",Qui doit être testé prioritairement pour la COVID-19?,N/A
Services de santé,foyers de vieux,N/A
Services de santé,Est-il possible d'aller porter de la nourriture ou des biens essentiels à des personnes agées qui habitent encore dans leur maison?,N/A
À propos de la COVID-19,humain,N/A
"Commerces, lieux publics et services prioritaires","Je dois me rendre à la quincaillerie, est-ce qu'elle sera ouverte?",N/A
"Commerces, lieux publics et services prioritaires",Quand ouverture centres commerciaux à Montréal,N/A
"Sports, loisirs et culture",C'est quoi les réglements de chasse et pêche durant le COVID-19,N/A
"Consignes d’isolement, symptômes et traitements",quels sont les gestes pour minimiser les risques de transmettre le covid à une personne vulnérable habitant au domicile?,N/A
À propos de la COVID-19,Je vais tu mourir du coronavirus,N/A
Services de santé,Est-ce que les visites dans les milieux de vie hospitaliers et pour personnes vulnérables sont autorisées?,N/A
Programmes d'aide et revenues,Arrêt du Programme d’aide temporaire aux travailleurs.,N/A
Transports et déplacements,Avis de renouvellement de permis de conduire,N/A
"Commerces, lieux publics et services prioritaires",Coiffeuse dans les résidences pour ainées?,N/A
À propos de la COVID-19,Nombre de cas confirmés par région,N/A
Transports et déplacements,Est-il autorisé de se déplacer en voiture avec des personnes qui ne viennent pas du même ménage?,N/A
"Consignes d’isolement, symptômes et traitements",Mesures pour personnes transplantées,N/A
Transports et déplacements,J’ai des symptômes de la COVID-19. Puis-je prendre les transports en commun ou le taxi?,N/A
Transports et déplacements,Est-il possible d'attraper le covid-19 dans un taxi ?,N/A
"Consignes d’isolement, symptômes et traitements",Que faire pour diminuer les risques de propagation des virus?,N/A
"Sports, loisirs et culture",pourvoiries,N/A
"Sports, loisirs et culture",À quel moment les terrains de camping pourront-ils ouvrir?,N/A
"Consignes d’isolement, symptômes et traitements",Où peut-on se faire tester?,N/A
"Commerces, lieux publics et services prioritaires",Centres commerciaux de Montréal: y'a-t-il une date de réouverture?,N/A
"Sports, loisirs et culture",vignoble,N/A
Famille et habitation,Pourquoi mon hôtel doit être fermé jusqu'au 13 avril ?,N/A
Programmes d'aide et revenues,Les formulaires PATT vont être en français?,N/A
"Consignes d’isolement, symptômes et traitements",Où sont les centres de prélèvements pour les tests de dépistage?,N/A
À propos de la COVID-19,Est-ce utile d'écouter la radio ou la télévision et lisez les journaux pour avoir des informations officielles ?,N/A
Transports et déplacements,"Mon voyage est déjà acheté, est-ce que je dois l'annuler par avance ?",N/A
"Sports, loisirs et culture",Est-ce que je peux aller chasser?,N/A
Municipalités,Accès aux équipements collectifs d’une municipalité,N/A
Services de santé,Puis-je aller voir ma grand-mère mourrante ?,N/A
À propos de la COVID-19,Quels sont les modes d'infections du coronavirus?,N/A
Offrir son aide,comment je peux aider l'économie québequoise,N/A
"Commerces, lieux publics et services prioritaires",Est-ce que je peux aller chez l'osthéopathe?,N/A
Services de santé,Mon père a la COVID et va mourir je peux tu aller le voir ?,N/A
Transports et déplacements,Est-ce que les trains et les avions sont sécuritaires pendant la pandémie ?,N/A
"Commerces, lieux publics et services prioritaires",Les entreprises de services funéraires et cimetières sont-elels toujours en opération?,N/A
"Consignes d’isolement, symptômes et traitements",J'ai un symptôme,N/A
À propos de la COVID-19,Est-ce que la covid est reliée au 5G?,N/A
Famille et habitation,Est-ce qu'on peut aller visiter le logement d'une personne en isolement?,N/A
Transports et déplacements,covoiturage,N/A
Entreprises et main d'oeuvre,Est-ce que les centres d'horticulture ont le droit de vendre et livrer leur produits?,N/A
"Commerces, lieux publics et services prioritaires",Quand aura lieu l'ouverture des restaurants et terrasses?,N/A
"Sports, loisirs et culture","Pour une piscine privée extérieure en condo, est-ce qu'on peut installer des chaises longues?",N/A
Services de santé,Est-ce que je peux aller porter de la bouffe à mon grand père qui est une personne à risque?,N/A
Famille et habitation,Les bed-and-breakfast sont-ils ouverts?,N/A
Entreprises et main d'oeuvre,"Est-ce que je peux passer ma commande au centre de jardinage en ligne ou par téléphone, puis passer chercher ma commande?",N/A
"Commerces, lieux publics et services prioritaires",Comment va se passer l'ouverture des commerce,N/A
"Consignes d’isolement, symptômes et traitements",Lavage des fruits et légumes pendant la pandémie.,N/A
Services de santé,Le nouveau programme en 3 mois,N/A
À propos de la COVID-19,Comment soulager les symptômes?,N/A
"Sports, loisirs et culture","Je reste à la maison, mais est-ce que je peux prendre une marche pendant la pandémie?",N/A
Transports et déplacements,Quelles sont les mesures supplémentaires qui sont prises pour rendre les autobus plus propres ?,N/A
"Consignes d’isolement, symptômes et traitements",Pourquoi on ne teste pas tout le monde?,N/A
"Consignes d’isolement, symptômes et traitements",Dois-je laver tous mes achats d'épicerie avant de les ranger pour éviter de tomber malade?,N/A
"Sports, loisirs et culture",Marcher dans mon quartier,N/A
"Consignes d’isolement, symptômes et traitements",Quoi faire pour éviter d'attraper la COVID-19 pendant que je fais mon épicerie?,N/A
"Consignes d’isolement, symptômes et traitements",Je peux tu attraper le virus sur une pognée de porte,N/A
"Commerces, lieux publics et services prioritaires",Je peux tu aller magasiner en ville?,N/A
Transports et déplacements,Je ne possède pas de voiture. Comment faire pour me rendre à mon travail sans me faire infecter ?,N/A
"Consignes d’isolement, symptômes et traitements","je veux organiser une soirée mais nous respecterons la distanciation, est-ce ok?",N/A
Transports et déplacements,Alberta,N/A
Services de santé,Ma mère est à veille de mourir elle vient de rentrer à l'hôpital j'ai tu le droit d'aller le voir ?,N/A
Entreprises et main d'oeuvre,Mes produits sont vendus dans les marchés publics et je respecte les consignes d'hygiène,N/A
Transports et déplacements,"Si une personne vient de Calgary, doit-elle faire une quarantaine?",N/A
Transports et déplacements,Passer par le Nouveau-Brunswick?,N/A
"Commerces, lieux publics et services prioritaires",Est-ce que je peux aller chez l'optométriste?,N/A
"Sports, loisirs et culture",Est-ce possible d'ouvrir une piscine extérieure dans un immeuble à plusieurs logements?,N/A
"Consignes d’isolement, symptômes et traitements",Comment distinguer allergies saisonnières et covid?,N/A
"Sports, loisirs et culture",Camping,N/A
"Commerces, lieux publics et services prioritaires","Si un client tousse et présente des symptômes, devrais-je lui dire de quitter l'épicerie?",N/A
"Commerces, lieux publics et services prioritaires",Je peux tu aller au centre d'achat?,N/A
"Consignes d’isolement, symptômes et traitements",Les masques sont-ils efficaces pour ne pas attraper le coronavirus ?,N/A
"Consignes d’isolement, symptômes et traitements",Les symptômes de la grippe et de la COVID-19 sont-il différenciable?,N/A
Programmes d'aide et revenus,Que se passe-t-il avec la cessation du PATT COVID-19,N/A
"Consignes d’isolement, symptômes et traitements",Le corona peut se fixer sur quelles surfaces ?,N/A
Famille et habitation,Quels entreprises de la construction offrent des services essentiels?,N/A
"Consignes d’isolement, symptômes et traitements",je peux tu organiser un souper d'amis,N/A
À propos de la COVID-19,Quel est le pire qui peut m'arriver avec le covid-19,N/A
"Commerces, lieux publics et services prioritaires",Est-ce que je peux aller chez le dentiste?,N/A
Famille et habitation,"Je dois vider le logement de ma fille, est-ce permis?",N/A
"Commerces, lieux publics et services prioritaires",Avez-vous une idée de quand les lieux de culte ouvriront?,N/A
"Consignes d’isolement, symptômes et traitements",Quelle est la différence de danger que pose le virus pour différentes tranches d'âge?,N/A
Services de santé,J'avais acheté des choses essentielles pour mes parents qui sont en ressource intermédiaire je peux-tu aller leur apporter?,N/A
"Consignes d’isolement, symptômes et traitements",Que dois-je faire pour dénoncer une personne qui ne respecte pas les consignes ?,N/A
"Consignes d’isolement, symptômes et traitements","je vis seule dans mon appartement condo, puis-je recevoir une amie?",N/A
Services de santé,Les propriétaires de résidences pour personnes agées peuvent-ils empêcher les résidents de sortir?,N/A
"Commerces, lieux publics et services prioritaires",Est-il possible d'aller au restaurant avec les membres d'un autre ménage?,N/A
À propos de la COVID-19,Quels sont les médias le plus fiables pour m'informer de la situation de la COVID-19?,N/A
Écoles et éducation,Quelle est la raison pour garder les secondaires fermées?,N/A
"Sports, loisirs et culture",Quelles sont les règles sur l'accès aux parcs nationaux?,N/A
Transports et déplacements,"Si moi mon conjoint et ses parents sont dans le même véhicule, est-ce que c'est correct?",N/A
"Consignes d’isolement, symptômes et traitements","Y a-t-il des précautions à prendre avec les repas, plats à emporter ou livraisons?",N/A
"Consignes d’isolement, symptômes et traitements",Est-ce qu'un couple qui ne demeure pas ensemble peut se voir?,N/A
Famille et habitation,Est-ce que je peux demander aux proches de m'aider à déménager?,N/A
Famille et habitation,Je suis inquiet des risques de transmission de la COVID-19 liés au changement de garde de mon enfant.,N/A
"Commerces, lieux publics et services prioritaires",Distanciation dans les magasins.,N/A
À propos de la COVID-19,j'aimerais vous contacter,N/A
Famille et habitation,Est-ce que je peux aller à l'hôtel si je n'ai pas de logement?,N/A
"Sports, loisirs et culture",Je peux tu envoyer mon enfant se baigner dans une piscine?,N/A
"Consignes d’isolement, symptômes et traitements",résultat test covid,N/A
Transports et déplacements,saaq,N/A
"Consignes d’isolement, symptômes et traitements",Quoi faire pour éviter de contaminer une personne vulnérable qui vit à la maison?,N/A
"Commerces, lieux publics et services prioritaires",Est-ce que les commerces de fournitures pour les animaux sont des services essentiels ?,N/A
"Sports, loisirs et culture",est-ce que je peux marcher dehors avec ma famille,N/A
"Commerces, lieux publics et services prioritaires",Quand les soins esthétiques et corporels ouvriront-ils?,N/A
Famille et habitation,"Ma tante est propriétaire d'un motel à Québec, a t-elle le droit d'ouvrir?",N/A
"Commerces, lieux publics et services prioritaires",C'est prévu pour quand la réouverture?,N/A
"Consignes d’isolement, symptômes et traitements",Est-ce que je peux voir mon amoureux?,N/A
Soutien aux personnes,Je veux savoir si je peux retourner au travail ayant 73 ans?,N/A
"Consignes d’isolement, symptômes et traitements",Je présente des symptômes de la maladie à coronavirus qu'est-ce que je peux faire pour protéger l'entourage avec lequel je vis?,N/A
"Consignes d’isolement, symptômes et traitements",Les vêtements doivent être lavés à l'eau chaude pour tuer le virus?,N/A
"Sports, loisirs et culture",Est-ce que je peux aller faire du côte-à-côte?,N/A
Soutien aux personnes,Est-ce que les accompagnements sont permis pendant l'accouchement?,N/A
À propos de la COVID-19,Je cherche une liste des mesures prises par le gouvernement,N/A
Transports et déplacements,puis-je me rendre à Calgary?,N/A
"Commerces, lieux publics et services prioritaires",Est-ce que tous les restaurants vont fermer,N/A
Transports et déplacements,Les services de transport en commun sont-ils encore en opération ?,N/A
"Sports, loisirs et culture",Qu'en est-il de l'ouverture des piscines de condo?,N/A
Famille et habitation,Est-ce que je peux aller chercher mon enfant en garde partagée dans une région fermée?,N/A
Municipalités,"La ville est-elle tenue de fermer la bibliothèque, l’aréna ou la piscine municipale?",N/A
Famille et habitation,mon animal peut-il me transmettre la covid ?,N/A
"Sports, loisirs et culture",Je cherche les mesures préventives pour ma maison que je loue,N/A
"Commerces, lieux publics et services prioritaires",À quand le déconfinement au Québec?,N/A
Soutien aux personnes,Puis-je accompagner ma femme à l'hopital si elle accouche?,N/A
"Consignes d’isolement, symptômes et traitements",Suis-plus vulnérable au corona avec mon système immunitaire affaibli?,N/A
"Commerces, lieux publics et services prioritaires","Je suis photographe, est-ce que je peux recommencer à prendre des photos de mes clients?",N/A
Famille et habitation,Garde partagée,N/A
"Commerces, lieux publics et services prioritaires",Quand les églises seront ouvertes?,N/A
Écoles et éducation,J'ai un stage de prévu cet été. est-ce que ca va avoir lieu ?,N/A
"Consignes d’isolement, symptômes et traitements",Est-ce que je peux me faire contaminer àa la COVID avec de la nourriture à emporter?,N/A
"Consignes d’isolement, symptômes et traitements",Dois-je rester dans ma maison pour soutenir la liste au coronavirus?,N/A
Famille et habitation,Est-ce que je peux engager un peintre?,N/A
"Consignes d’isolement, symptômes et traitements",Dans quels cas je peux dénoncer un rassemblement?,N/A
"Consignes d’isolement, symptômes et traitements",Comment on fait pour désinfecter?,N/A
Famille et habitation,Est-ce qu'un plombier peut venir à la maison?,N/A
"Consignes d’isolement, symptômes et traitements",Que dois-je faire si je reviens de retour de voyage ?,N/A
"Commerces, lieux publics et services prioritaires",Le service à l'automobile de McDonald est-il encore disponible?,N/A
Transports et déplacements,Est-ce que je pourrais porter un masque pour éviter de contaminer les autres dans les autocars ?,N/A
Programmes d'aide et revenus,Je n'ai pas courriel comment je peux faire ma demande pour le PATT?,N/A
"Commerces, lieux publics et services prioritaires",Quand les salons de toilettage vont recommencer?,N/A
"Consignes d’isolement, symptômes et traitements",Faut tu que je reste chez moi pour aider à la lutte au virus?,N/A
Famille et habitation,est-ce qu'un ami peut m'aider à déménager,N/A
Transports et déplacements,Les trains roulent encore?,N/A
Services de garde,Quelle est la façon de procéder pour inscrire mes enfants au service de garde d'urgence ?,N/A
"Consignes d’isolement, symptômes et traitements",Quelle sont les différences entre le coronavirus et la grippe ou l'influenza?,N/A
Famille et habitation,mes amis peuvent tu m'aider à déménager,N/A
"Sports, loisirs et culture",Peut-on aller dans les camping récupérer certains objets?,N/A
Services de santé,"Ma soeur est en phase terminale, j'aimerais aller la voir avant sont décès. Est-ce possible ?",N/A
Services de santé,Est-il possible d'aller voir mes grands-parents dans leur résidence de personnes âgées ?,N/A
"Consignes d’isolement, symptômes et traitements","Mon enfant à trouble du spectre de l’autisme, est-il plus vulnérable?",N/A
À propos de la COVID-19,Puis-je avoir le nombre de décès par région au Québec?,N/A
À propos de la COVID-19,Quels est le principal mode d'infection du coronavirus?,N/A
Transports et déplacements,Est-il possible d'utiliser l'autobus?,N/A
Transports et déplacements,Je suis une personne en chaise roulante. Est-ce que je peux encore prendre l'autobus pour me déplacer ?,N/A
"Sports, loisirs et culture",Est-ce que je peux prendre l'air si je n'ai pas de symptômes?,N/A
"Consignes d’isolement, symptômes et traitements",Est-ce que la COVID-19 peut survivre à la congélation d’un plat ou à sa cuisson au micro-ondes ou au four?,N/A
"Commerces, lieux publics et services prioritaires",les kiosques de ventes en libre-service sont-ils ouverts?,N/A
Soutien aux personnes,"Si j'ai plus de 70 ans, est-ce que je devrais travailler ?",N/A
Transports et déplacements,Le transport en commun est-il interdit?,N/A
Famille et habitation,"Je suis femme de ménage, est-ce que je peux recommencer à faire de l'entretien ménager à domicile?",N/A
"Sports, loisirs et culture","J'aimerais ça aller chasser, c'est possible?",N/A
Services de santé,"J'ai pas le virus et je veux aller porter des biens essentiels à mes parents qui sont vulnérables, ils ont encore leur maison est-ce correct",N/A
Services de santé,Est-ce que je peux aller voir un parent en fin de vie à l'hôpital alors que je n'habite pas cette zone?,N/A
Famille et habitation,Réserver un chalet.,N/A
À propos de la COVID-19,"Liste du nombre de personnes sous investigation, de cas négatifs et confirmés au Québec à cause du coronavirus.",N/A
"Consignes d’isolement, symptômes et traitements","C'est quoi ça, N95 pour un masque?",N/A
"Commerces, lieux publics et services prioritaires",Les orthodontistes sont-ils ouverts?,N/A
"Sports, loisirs et culture",Des personnes de deux maisons différentes peuvent-elles louer le même emplacement de camping si elles dorment dans des tentes différentes?,N/A
À propos de la COVID-19,Nombre d’hospitalisations,N/A
"Consignes d’isolement, symptômes et traitements",Que dois-je faire si je dois me placer en isolement volontaire ?,N/A
Transports et déplacements,Y'a-t-il une date pour les rassemblements intérieurs en famille?,N/A
"Consignes d’isolement, symptômes et traitements",Que dois-je faire en cas d'isolement volontaire?,N/A
Transports et déplacements,Ontario,N/A
"Consignes d’isolement, symptômes et traitements",est-ce que j'ai le droit d'aller voir ma blonde qui ne demeure pas avec moi,N/A
Transports et déplacements,"J'habite dans une région à accès limité, est-ce que je peux  avoir une livraison de colis?",N/A
Transports et déplacements,Est-ce que c'est essentiel d'aller se promener en auto?,N/A
"Sports, loisirs et culture",Je peux tu aller louer un livre à la bibli?,N/A
"Consignes d’isolement, symptômes et traitements",C'est quoi l'isolement volontaire?,N/A
À propos de la COVID-19,Ils foutent quoi les ministres,N/A
Services de santé,Ma mère a la COVID et va mourir je peux tu aller la voir à l'hopital,N/A
Services de santé,"Est-il possible d’aller livrer de la nourriture à des personnes qui sont dans les hôpitaux, les CHSLD, les ressources intermédiaires, de type familial pour les aînés et les adultes vulnérables et les résidences privées pour aînés?",N/A
À propos de la COVID-19,Il fait quoi le premier ministre pour gérer la crise,N/A
À propos de la COVID-19,c'est quoi le covid?,N/A
"Sports, loisirs et culture",quad,N/A
Famille et habitation,Est-ce que les services d'entretien ménager résidentiel comme les femmes de ménage sont autorisées à reprendre du service?,N/A
"Consignes d’isolement, symptômes et traitements",La dystrophie musculaire de Duchenne rent-elle plus vulnérable au COVID-19?,N/A
Programmes d'aide et revenus,Est-ce qu'il est trop tard pour soumettre sa demande au pacme?,N/A
À propos de la COVID-19,Liste du nombre d’hospitalisations au Québec à cause du coronavirus.,N/A
Famille et habitation,Les plombiers assurent toujours du service?,N/A
"Consignes d’isolement, symptômes et traitements",Comment peut-on faire la différence entre les symptômes de la COVID-19 et ceux de la grippe?,N/A
"Consignes d’isolement, symptômes et traitements",Est-ce qu'il y a possibilité d'avoir ma conjointe chez moi quelques jours?,N/A
À propos de la COVID-19,Qu'est-ce que je dois faire pour soulager mes maux de gorge?,N/A
Famille et habitation,Est-ce que les mariages pourront être autorisés avec danse pour août?,N/A
"Sports, loisirs et culture",Ça fait longtemps que j'avais loué un chalet pour début avril je vais tu être obligé d'annuler ?,N/A
Transports et déplacements,cours de moto,N/A
"Sports, loisirs et culture",Peut-on aller se baigner chez des amis?,N/A
Entreprises et main d'oeuvre,Je suis un employé qui retourne travailler. Est-ce que je dois prendre des mesures préventive?,N/A
"Sports, loisirs et culture",Quelles sont les directives d'accès aux parcs de la SEPAQ et les centres de plein air?,N/A
"Commerces, lieux publics et services prioritaires",Quelle est la responsabilité du propriétaire d'un restaurant ou d'une épicerie quand un des clients présente des symtômes de COVID-19?,N/A
"Commerces, lieux publics et services prioritaires",Puis-je aller à la pharmacie avec mon bébé ?,N/A
Services de santé,Je peux-tu aller porter de la bouffe à mon papi dans son centre de vieux?,N/A
Famille et habitation,Est-ce que je peux aller installer un air climatisée chez mes parents?,N/A
"Sports, loisirs et culture",Quelles sont les directives pour les séjours prévus dans des chalets à compter du mois de juillet ?,N/A
À propos de la COVID-19,Est-ce que je dois être inquiet de la propagation du corona au Québec ?,N/A
Transports et déplacements,Est-ce que mon billet d'avion sera remboursé?,N/A
"Consignes d’isolement, symptômes et traitements",Peut-on reçevoir des visiteurs parceque mon grand-père vit avec nous?,N/A
"Sports, loisirs et culture",Je cherche de l'information pour ouvrir les modules de jeux,N/A
Soutien aux personnes,Est-ce qu’un employé âgé de 70 ans devrait continuer de travailler ?,N/A
"Commerces, lieux publics et services prioritaires",Est-ce que les soins buccodentaires vont ouvrir bientôt?,N/A
"Commerces, lieux publics et services prioritaires","J'ai un employé qui a attrapé la covid, est-ce que je dois mettre en quarantaine tous les employés qui ont été en contact avec?",N/A
"Commerces, lieux publics et services prioritaires",Puis-je ouvrir mon salon d'esthétique s'il y a une porte extérieur à quelques mètres de la porte principale?,N/A
Offrir son aide,Comment participer à l'autonomie alimentaire du Québec?,N/A
Transports et déplacements,Lorsque  le confinement va être levé quelles sont les mesures prises   pour les transports en commun pendant les heures de pointes pour respecter la distanciation.,N/A
À propos de la COVID-19,Est-ce qu'un vaccin sur la COVID-19 existe ?,N/A
"Commerces, lieux publics et services prioritaires",Je peux tu me faire prendre en photo par un photographe à l'extérieur?,N/A
"Commerces, lieux publics et services prioritaires",les compagnies doivent-elles faire du télétravail encore,N/A
"Commerces, lieux publics et services prioritaires",Ouverture soins de la peau,N/A
"Consignes d’isolement, symptômes et traitements",Explique la distanciation sociale.,N/A
"Consignes d’isolement, symptômes et traitements",Qui est prioritaire pour le dépistage du corona?,N/A
Famille et habitation,Peut-on dormir à l'hôtel si on change de région?,N/A
"Sports, loisirs et culture",Ouverture marinas,N/A
"Sports, loisirs et culture",4 roues,N/A
"Consignes d’isolement, symptômes et traitements",Quelle est la procédure à respecter en situation d'isolement volontaire?,N/A
Entreprises et main d'oeuvre,Est-ce que je dois faire des changements à mes opérations en vue de la réouverture?,N/A
Transports et déplacements,Dois-je faire une quarantaine si j'arrive du Nouveau-Brunswick?,N/A
"Sports, loisirs et culture",On fait quoi avec la réservation qu'on a faite pour une résidence touristique en juillet cet été ?,N/A
"Consignes d’isolement, symptômes et traitements",Personnes vulnérables au corona.,N/A
Transports et déplacements,J'aimerais savoir si je peux aller à Sandbanks au début d'août?,N/A
Écoles et éducation,"Bien que le stage de formation soit confirmé, je ne peux pas rencontrer les nouvelles exigences?",N/A
"Consignes d’isolement, symptômes et traitements",Les personnes avec maladies chroniques ont-elles le droit de refuser de retourner au travail?,N/A
Programmes d'aide et revenues,Quelle est la période d’application du Programme d’aide temporaire aux travailleurs PATT COVID-19?,N/A
"Sports, loisirs et culture","C'est tu possible de prolonger notre séjour, nous sommes au chalet qu'on a loué depuis cet hiver ?",N/A
Programmes d'aide et revenus,Quelle est la marche à suivre pour déposer une demande pour le pacme pour une entreprise?,N/A
Soutien aux personnes,J'ai 78 ans est-ce que je peux travailler?,N/A
Écoles et éducation,Je vais-tu pouvoir finir mon stage?,N/A
"Commerces, lieux publics et services prioritaires",Puis-je pratiquer la massothérapie à domicile?,N/A
"Consignes d’isolement, symptômes et traitements","J'ai peut-être la COVID-19, je fais quoi?",N/A
Services de santé,Ma grand-mère va mourrir seule si je ne peux pas aller la voir,N/A
"Consignes d’isolement, symptômes et traitements",Comment rester en contact avec ses proches?,N/A
Programmes d'aide et revenues,Quelles sont les étapes pour obtenir l'aide dans le cadre du programme d'aide temporaire aux travailleurs COVID-19?,N/A
"Consignes d’isolement, symptômes et traitements",Suis-je plus à risque avec le COVID si j'ai un problème cardiaque?,N/A
Famille et habitation,"Je dois m'occuper de mon cheval, je dois prendre des précautions?",N/A
"Consignes d’isolement, symptômes et traitements",Quand recevrai-je mon diagnostic?,N/A
Offrir son aide,Est-ce que je peux donner du sang pour aider contre le virus?,N/A
"Consignes d’isolement, symptômes et traitements",Distanciation sociale.,N/A
"Sports, loisirs et culture",L'hébergement en pourvoirie est-il permis pour une cellule familiale?,N/A
Entreprises et main d'oeuvre,Où je peux trouver la fiche à consulter pour les livreurs à domicile?,N/A
Transports et déplacements,est-ce que la SAAQ est ouverte?,N/A
Services de santé,À qui puis-je donner les effets de ma mère qui vit en CHSLD pour qu'elle les reçoivent?,N/A
"Consignes d’isolement, symptômes et traitements",Les fumeurs sont-ils plus à risque de complications du COVID?,N/A
Famille et habitation,Est-ce qu'un ami peut m'aider à déménager?,N/A
"Consignes d’isolement, symptômes et traitements","C'est quoi ça, N95 pour un masque?",N/A
"Sports, loisirs et culture",C'est quoi que je dois faire pour éviter le COVID-19 dans mon AirBnb,N/A
"Commerces, lieux publics et services prioritaires",Quand est-ce que le mail va ouvrir?,N/A
"Consignes d’isolement, symptômes et traitements",Les fumeurs sont-ils plus à risque de complications du COVID?,N/A
"Consignes d’isolement, symptômes et traitements",Quelle est l'alternative aux gants pour les manipulateurs d'aliments?,N/A
"Consignes d’isolement, symptômes et traitements",Quelle est la position légale du gouvernement canadien sur les voyageurs de retour?,N/A
"Consignes d’isolement, symptômes et traitements",Est-ce correct de porter un masque plusieurs jours de suite?,N/A
"Commerces, lieux publics et services prioritaires",Quand les salons de coiffure ouvriront-ils ?,N/A
"Sports, loisirs et culture",Quand est-ce que je vais pouvoir faire du 4 roues?,N/A
Famille et habitation,Est-ce que je peux engager pour certains travaux à l'intérieur de mon domicile?,N/A
Transports et déplacements,"Je réside au Nouveau-Brunswick, si je me rends au Québec, dois-je me confiner 14 jours à mon arrivée au Québec?",N/A
"Sports, loisirs et culture",À quand l'ouverture des marinas?,N/A
"Commerces, lieux publics et services prioritaires",J'ai besoin de produits pour exploitations agricoles.,N/A
Entreprises et main d'oeuvre,Je suis propriétaire d’un supermarché ou d’une épicerie qui peut accueillir plus de 250 personnes par jour. Que dois-je faire?,N/A
"Commerces, lieux publics et services prioritaires",les bureaux peuvent-ils réouvrir même si je peux travailler à distance,N/A
Famille et habitation,Quelle mesure de sécurité je dois prendre si je dois aller visiter un appartement à louer?,N/A
Famille et habitation,Est-ce qu'un électricien peut venir à mon domicile pour travailler?,N/A
Services de santé,La visite dans les hôpitaux est-elle permise pour les proches aidants?,N/A
"Commerces, lieux publics et services prioritaires",Toilettage à domicile,N/A
Transports et déplacements,Est-ce que j'ai droit à un dédommagement en cas d'annulation de la croisière que j'avais prévu ?,N/A
"Commerces, lieux publics et services prioritaires","Les commandes pour emporter, les livraisons et les services à l’auto sont-ils permis?",N/A
"Consignes d’isolement, symptômes et traitements",Est ce que je dois signaler directement un rassemblement?,N/A
"Commerces, lieux publics et services prioritaires",Quelles sont les phases du plan de déconfinement?,N/A
"Sports, loisirs et culture",remboursement chalet,N/A
"Consignes d’isolement, symptômes et traitements",Est-ce que le nez congestionné est un symptôme?,N/A
Services de santé,"Si je tousse, est-ce que je peux aller porter des repas fait maison à ma voisine qui est âgée?",N/A
Entreprises et main d'oeuvre,"Je manipule des aliments, quelles précautions dois-je prendre?",N/A
"Consignes d’isolement, symptômes et traitements","Je fais du diabète, suis-je à risque?",N/A
"Commerces, lieux publics et services prioritaires",Réouverture des soins esthétiques,N/A
Soutien aux personnes,Est-ce que mon conjoint peut être présent  quand je vais accoucher ?,N/A
"Commerces, lieux publics et services prioritaires",Est-ce que les centres commerciaux vont rester fermés?,N/A
Famille et habitation,puis-je faire appel à ma famille pour transporter mes meubles,N/A
Famille et habitation,Pourquoi le gouvernement m'a obligé à fermer mon établissement d'hébergement touristique ?,N/A
"Consignes d’isolement, symptômes et traitements","J'ai été en contact avec une personne infectée, est-ce que je dois me faire dépister?",N/A
Transports et déplacements,Est-il permis de se rendre en Ontario?,N/A
"Sports, loisirs et culture",J'ai réservé un chalet pour ma famille cet été. Qu'est-ce que je fais avec ça ?,N/A
"Consignes d’isolement, symptômes et traitements",je peux tu organiser un souper d'amis,N/A
À propos de la COVID-19,C'est tu bien gérer cette crise là?,N/A
Soutien aux personnes,Est-ce que mon conjoint peut assister à la naissance de notre enfant?,N/A
"Consignes d’isolement, symptômes et traitements",La bouffe peut-elle être infectée au corona?,N/A
"Sports, loisirs et culture",Louer en entier une unité familiale à deux soeurs qui n'ont pas la même adresse,N/A
"Consignes d’isolement, symptômes et traitements",Pourquoi je dois rester en isolement ?,N/A
"Consignes d’isolement, symptômes et traitements",Porter un masque.,N/A
Programmes d'aide et revenus,Qu'est-ce que je dois faire quand je vais avoir reçu le courriel de confirmation pour ma demande d'aide PATT COVID-19?,N/A
"Commerces, lieux publics et services prioritaires",Est-ce que je peux aller voir mon masso?,N/A
"Consignes d’isolement, symptômes et traitements",Est-ce qu'on faire un party avec la famille pendant l'épidémie?,N/A
"Commerces, lieux publics et services prioritaires",églises,N/A
Transports et déplacements,"Je planifiais faire un voyage prochainement, devrais-je l'annuler ?",N/A
Entreprises et main d'oeuvre,Quelles sont les gestes à poser pour se protéger en milieu de travail?,N/A
"Consignes d’isolement, symptômes et traitements",Est-ce que je dois faire le 9-1-1 pour dénoncer une personne ?,N/A
Transports et déplacements,"Si je suis obligé d'annuler mon voyage, est-ce qu'un dédommagement est prévu ?",N/A
"Sports, loisirs et culture",Est-ce que la baignade en piscine est permise?,N/A
Transports et déplacements,J'ai entendu parler d'un programme d'un remboursement pour les voyages annulés?,N/A
"Sports, loisirs et culture",L'hébergement en pourvoirie est-il permis pour une cellule familiale?,N/A
Transports et déplacements,est-ce que je peux apporter ma mère à un rendez-vous?,N/A
"Sports, loisirs et culture",marina,N/A
"Consignes d’isolement, symptômes et traitements","Il est important de se laver les mains fréquemment, dès le retour à la maison et après avoir rangé les articles et les aliments",N/A
"Consignes d’isolement, symptômes et traitements",Comment faire pour avoir rendez-vous pour un test?,N/A
Entreprises et main d'oeuvre,Quelles précautions dois-je prendre en tant que manipulateur d'aliments?,N/A
"Consignes d’isolement, symptômes et traitements",Personnes vulnérables au corona.,N/A
À propos de la COVID-19,C'est tu bien gérer cette crise là?,N/A
"Commerces, lieux publics et services prioritaires",Coiffeuse dans les résidences pour ainées?,N/A
"Commerces, lieux publics et services prioritaires",marchés publics,N/A
"Commerces, lieux publics et services prioritaires",Il faut garder une distance de combien de mètre avec la personne devant nous dans une file ?,N/A
"Commerces, lieux publics et services prioritaires",Quelle est la procédure si un employé a des symptômes?,N/A
"Commerces, lieux publics et services prioritaires",Toilettage mobile,N/A
"Consignes d’isolement, symptômes et traitements",Faire le nettoyage des aliments,N/A
"Consignes d’isolement, symptômes et traitements",Suis-je à risque de complication des suites du COVID même si je suis un jeune adulte?,N/A
À propos de la COVID-19,Je veux le détail du nombre de cas confirmés par région au Québec de corona.,N/A
"Commerces, lieux publics et services prioritaires",carwash,N/A
Entreprises et main d'oeuvre,Liste de recommendations pour établissements commercials,N/A
"Sports, loisirs et culture",Faut-il annuler la réservation du chalet que j'ai faite pour juillet ?,N/A
"Consignes d’isolement, symptômes et traitements",Est-ce que les symptômes du coronavirus s'apparentent à ceux de la grippe ?,N/A
"Sports, loisirs et culture",Est-ce que je peux me baigner dans la piscine de ma cousine?,N/A
Services de santé,C'est tu possible que j'aille voir quelqu'un qui va mourir à l'hôpital ?,N/A
Transports et déplacements,Je n'ai pas pu partir en voyage aux USA et je veux être remboursé?,N/A
"Consignes d’isolement, symptômes et traitements","Comme je suis jeune et en bonne ssanté, pensez-vous qu'attraper la covid pour être ensuite immunisé serait une bonne idée?",N/A
Offrir son aide,contribution individuelle,N/A
"Sports, loisirs et culture",Est-ce que les campings sont considérés comme un service indispendable ?,N/A
Transports et déplacements,Services prioritaires de transport et logistique,N/A
"Sports, loisirs et culture",jeu d'eau,N/A
À propos de la COVID-19,Quand est-ce que je peux me faire vacciner?,N/A
"Commerces, lieux publics et services prioritaires","Les commandes pour emporter, les livraisons et les services à l’auto sont-ils permis?",N/A
"Consignes d’isolement, symptômes et traitements",Comment protéger mon entourage à l'intérieur si je suis testé positif au COVID ?,N/A
Entreprises et main d'oeuvre,"Je suis dans le secteur bioalimentaire, comment puis-je vendre mes produits?",N/A
"Consignes d’isolement, symptômes et traitements",Dois-je porter un masque pour me protéger du virus?,N/A
"Commerces, lieux publics et services prioritaires",peut-on expulser quelqu'un qui présente des symptomes d'un commerce?,N/A
Offrir son aide,Peut-on offrir son aide en donnant du sang?,N/A
"Consignes d’isolement, symptômes et traitements",La bouffe importée des pays très contaminés au virus est-elle dangereuse ?,N/A
Services de santé,Est-ce que j'ai le droit d'aller voir mon père en phase terminale ?,N/A
Famille et habitation,Est-ce que je peux aller chercher mon enfant en garde partagée qui est dans une région à accès limité?,N/A
Famille et habitation,Est-ce que je peux déménager?,N/A
Écoles et éducation,"Ma fille ne peut pas faire sa reprise d'examen d'histoire de 4e secondaire, va-t-elle avoir ses crédits automatiquement?",N/A
"Consignes d’isolement, symptômes et traitements",Est-ce qu'il est possible de marcher à l'extérieur ?,N/A
"Commerces, lieux publics et services prioritaires",C'est tu possible d'aller faire mes commissions dans le centre d'achat?,N/A
Famille et habitation,Puis-je me marier le 8 août?,N/A
Famille et habitation,Pourquoi les établissements touristiques doivent fermés?,N/A
"Sports, loisirs et culture",est-ce que je peux faire une randonnée de vélo?,N/A
"Consignes d’isolement, symptômes et traitements",Est-ce je dois composer le 911 pour dénoncer un regroupement de personnes ?,N/A
Services de santé,"Ma mère se meure à l'hopital, je peux aller la voir ?",N/A
Services de garde,Est-ce que ma cousine peut venir garder mon bébé pendant mes courses?,N/A
À propos de la COVID-19,Quel est le médicament pour aider la guérison de la COVID-19 ?,N/A
Transports et déplacements,Quels sont les produits à utiliser pour nettoyer mes mains avant de prendre un taxi ?,N/A
"Sports, loisirs et culture","En ce qui concerne la fermeture des lieux publics où se tiennent des activités de loisirs et de sports, qu’en est-il?",N/A
"Commerces, lieux publics et services prioritaires",C'est quoi les entreprises qui vont pouvoir recommencer les activités?,N/A
Entreprises et main d'oeuvre,Conseils pour bien adapté l'environnement de travail dans un contexte de covid-19,N/A
"Sports, loisirs et culture",rbnb,N/A
"Consignes d’isolement, symptômes et traitements",Contrainte légal pour les voyageurs de retour des USA par le Canada.,N/A
"Commerces, lieux publics et services prioritaires",Un groupe de personnes qui va au restaurant peut-il être de 3 familles qui n'habitent pas le même endroit?,N/A
"Sports, loisirs et culture",J'ai passé l'hiver dans un chalet loué je peux tu le louer pour tout le printemps ?,N/A
"Consignes d’isolement, symptômes et traitements",Faut-il porter une attention parciiculière à quelqu'un ayant une déficience physique?,N/A
Programmes d'aide et revenues,Comment puis-je faire une demande d'aide financère du programme d'aide temporaire aux travailleurs COVID-19?,N/A
"Sports, loisirs et culture",Ouverture des zec,N/A
Services de santé,Mon père va mourir il est à l'hôpital dans une région à accès restreint. C'est tu possible d'aller le voir ?,N/A
"Consignes d’isolement, symptômes et traitements",Priorité pour le dépistage du COVID-19.,N/A
"Sports, loisirs et culture",La pratique du vélo de montagne est-elle toujours autorisée dans les centres de plein air?,N/A
Municipalités,Une municipalité veut une nouvelle liste électorale aux fins de communiquer avec ses citoyens pendant l’état d’urgence sanitaire.,N/A
"Sports, loisirs et culture",Quelles sont les règles sur l'accès aux parcs nationaux?,N/A
"Sports, loisirs et culture",La location de chalets touristiques est-elle permise?,N/A
"Commerces, lieux publics et services prioritaires",Services d’esthétique,N/A
"Consignes d’isolement, symptômes et traitements","Pour être protéger à l'avenir, serait-ce une bonne idée d'aller attraper la covid?",N/A
Programmes d'aide et revenus,Pourquoi le Programme d’aide temporaire aux travailleurs (PATT) cesse-t-il d’être offert?,N/A
"Consignes d’isolement, symptômes et traitements",Est-ce que je peux recevoir du monde à la maison pendant la pandémie?,N/A
"Consignes d’isolement, symptômes et traitements",Congélation pour neutraliser le virus.,N/A
Entreprises et main d'oeuvre,Est-ce que le gouvernement donnera des congés maladie ?,N/A
"Sports, loisirs et culture",Est-ce qu'on peut camper en tente dans une sepaq?,N/A
"Consignes d’isolement, symptômes et traitements",Est-ce que le masque est efficace pour se protéger de la COVID-19,N/A
"Sports, loisirs et culture",Je peux tu envoyer mon enfant se baigner dans une piscine?,N/A
"Sports, loisirs et culture",Est-ce que je peux aller courir dans un parc de la sépaq?,N/A
Transports et déplacements,Est-ce que je pourrais aller en croisière cet été ?,N/A
"Consignes d’isolement, symptômes et traitements",Risque de décès pour les personnes vulnérables au COVID-19.,N/A
Transports et déplacements,Est-ce que le métro est désinfecté souvent ?,N/A
"Consignes d’isolement, symptômes et traitements","J'habite avec ma grand-mère, est-ce qu'on reçevoir des visiteurs?",N/A
Transports et déplacements,Est-ce que j'annule mon projet de voyage à l'étranger?,N/A
"Sports, loisirs et culture",Quand les terrains de camping pourront-ils ouvrir?,N/A
Services de santé,Le plombier peut-il entrer chez une personne agée de plus de 80 ans ?,N/A
À propos de la COVID-19,Il fait quoi le premier ministre pour gérer la crise,N/A
"Commerces, lieux publics et services prioritaires",Est-ce que les lieux de culte sont ouverts?,N/A
Transports et déplacements,J'ai tu le droit d'aller au Iles-de-la-Madelaine?,N/A
"Sports, loisirs et culture",Puis-je louer un chalet une semaine?,N/A
À propos de la COVID-19,Est-ce qu'on peut avoir plus d'information sur l'état de l'épidémie,N/A
"Sports, loisirs et culture",Quelles sont les directives d'accés aux parcs de la SEPAQ et les centres de plein air?,N/A
Transports et déplacements,Comment faire pour ne pas être contaminé dans le métro si j'ai besoin de m'asseoir sur un siège ?,N/A
"Sports, loisirs et culture",Si je prend une marche à l'extérieur est-ce que je dois garder une distance de 2 mètres ?,N/A
"Sports, loisirs et culture",Est-il possible d'être deux personnes dans une chaloupe pour pêcher?,N/A
À propos de la COVID-19,Est-ce qu'il y beaucoup de déces par le coronavirus au Québec ?,N/A
À propos de la COVID-19,Dois-je m’inquiéter de la situation entourant la COVID‑19?,N/A
À propos de la COVID-19,Comment soulager la fièvre?,N/A
"Consignes d’isolement, symptômes et traitements",Quand dois-je porter un couvre-visage?,N/A
À propos de la COVID-19,Est-ce que je peux pogner le covid-19 par une blessure sur la main?,N/A
Offrir son aide,Y'a-t-il une étude clinique pour les personnes testées positives à la COVID-19 ?,N/A
Famille et habitation,Que faire avec la garde partagée si les parents vivent dans deux régions différentes?,N/A
"Commerces, lieux publics et services prioritaires",Est-ce que certains commerces sont des services essentiels ?,N/A
À propos de la COVID-19,Est-ce que les moustiques peuvent transmettre le coronavirus?,N/A
"Commerces, lieux publics et services prioritaires",Les soins de toilettage pour animaux vont-ils ouvrir?,N/A
"Commerces, lieux publics et services prioritaires",massage,N/A
"Consignes d’isolement, symptômes et traitements",Je dois me distancer à 2 mètres des autres?,N/A
"Consignes d’isolement, symptômes et traitements",Est-ce que c'est possible de différencier les symptômes de la grippe et ceux de la COVID-19?,N/A
"Consignes d’isolement, symptômes et traitements",Quelles sont les règles à suivre en isolement ?,N/A
"Sports, loisirs et culture",musée,N/A
"Sports, loisirs et culture",Est-ce que je devrais tout de suite annuler ma réservation que j'ai faite cet été pour le mois de juillet ?,N/A
"Commerces, lieux publics et services prioritaires",Un restaurateur a-t-il le droit de faire de la livraison à domicile?,N/A
Services de garde,Est-ce que ma famille ou mes amis peuvent garder mes enfants?,N/A
"Commerces, lieux publics et services prioritaires",Est-ce que je peux voir mon travailleur social?,N/A
"Commerces, lieux publics et services prioritaires",Est-ce que je peux aller chez le podiatre?,N/A
Entreprises et main d'oeuvre,"Pour la protection des livreurs d'aliments, est-ce que les masques sont une mesure nécessaire?",N/A
"Consignes d’isolement, symptômes et traitements","Je suis insuffisant cardiaque, suis-je plus à risque de mourrir du corona?",N/A
Écoles et éducation,"Je suis en technique d'éducation à l'enfance, puis-je reprendre mon stage?",N/A
"Sports, loisirs et culture",Est-ce que des personnes résidant à des adresses différentes peuvent dormir sur le même terrain de camping?,N/A
"Commerces, lieux publics et services prioritaires",Où trouver le plan pour le réouverture des secteurs et activités?,N/A
"Consignes d’isolement, symptômes et traitements",Quelle sont les règles à suivre pour l'isolement volontaire?,N/A
"Consignes d’isolement, symptômes et traitements",résultat prélèvement,N/A
"Sports, loisirs et culture",Y a-t-il des mesures à mettre en place pour protéger ma famille et moi après le départ des occupants de la maison que je loue ?,N/A
"Sports, loisirs et culture",Les piscines de condo peuvent-elles ouvrir?,N/A
Famille et habitation,Est-ce qu'une femme de ménage a le droit de travailler dans une maison privée?,N/A
À propos de la COVID-19,Quel âge ont les gens qui décèdent de la covid?,N/A
"Commerces, lieux publics et services prioritaires",Quelles sont les heures d'ouvertures des magasins?,N/A
Services de santé,Est-il possible d'aller porter de la nourriture ou des biens essentiels à des personnes agées qui habitent encore dans leur maison?,N/A
Famille et habitation,Je suis atteinte du coronavirus. Puis-je caresser mon chien?,N/A
"Consignes d’isolement, symptômes et traitements",Dois-je me rendre à l'urgence si je pense avoir la covid?,N/A
"Commerces, lieux publics et services prioritaires",Commerces prioritaires,N/A
Transports et déplacements,"Si ma fille restant en Alberta vient me voir en juillet à la maison, devra-t-elle être confinée 14 jours?",N/A
"Sports, loisirs et culture",Les gîtes touristiques sont-ils autorisés à reprendre leurs activités?,N/A
"Commerces, lieux publics et services prioritaires",est-ce que je peux aller dans une clinique d'acuponcture?,N/A
"Sports, loisirs et culture",Couette et café,N/A
Services de santé,"Est-ce qu’une personne peut, par exemple, se rendre à l’hôpital pour visiter un proche qui est mourant?",N/A
"Commerces, lieux publics et services prioritaires",Puis-je aller à la messe le dimanche?,N/A
"Consignes d’isolement, symptômes et traitements",Où s'adresser pour déposer une plainte contre le manque de vigilance dans un commerce ?,N/A
Transports et déplacements,Est-ce que je peux embarquer quelqu'un autre que mon adresse dans mon véhicule?,N/A
"Commerces, lieux publics et services prioritaires",Planification déconfinement,N/A
"Commerces, lieux publics et services prioritaires",Est-ce que je peux aller chez l'osthéopathe?,N/A
"Commerces, lieux publics et services prioritaires",Quelles sont les heures d'ouvertures des magasins?,N/A
Transports et déplacements,"Mon voyage était déjà planifié, est-ce obligatoire de l'annuler ?",N/A
"Commerces, lieux publics et services prioritaires",Qu'est-ce qui va réouvrir et quand?,N/A
Transports et déplacements,Quelle est la positions des autorités envers les voyages à l'extérieur?,N/A
Entreprises et main d'oeuvre,Dans mon milieu de travail qu'est-ce que je dois faire pour me protéger de la COVID ?,N/A
"Sports, loisirs et culture",Est-ce que je peux jouer au tennis en double si les deux joueurs du même côté habitent à la même adresse?,N/A
"Consignes d’isolement, symptômes et traitements",Est-ce que je peux recevoir du monde à la maison pendant la pandémie?,N/A
Services de santé,"Maman est très malade, on ne sait combien de temps elle va durer, je veux aller la voir à l'hopital.",N/A
"Sports, loisirs et culture",Spa scandinave,N/A
"Consignes d’isolement, symptômes et traitements","Je souffre d'obésité IMC plus grande que 40, est-ce que je fais encore partie des gens vulnérables?",N/A
Transports et déplacements,Position du gouvernement du Québec sur les déplacements à l'étranger.,N/A
"Consignes d’isolement, symptômes et traitements",Quelles sont les consignes sanitaires en lien avec la COVID-19?,N/A
"Sports, loisirs et culture",Quelles sont les directives pour les séjours prévus dans des chalets à compter du mois de juillet ?,N/A
